﻿<?xml version="1.0" encoding="utf-8"?>
<TextureAtlas imagePath="blue stickmin.png">
	<!-- Created with Adobe Animate version 24.0.5.40 -->
	<SubTexture name="idle0043" x="859" y="0" width="127" height="239" frameX="-24" frameY="-32" frameWidth="214" frameHeight="273"/>
	<SubTexture name="idle0044" x="859" y="0" width="127" height="239" frameX="-24" frameY="-32" frameWidth="214" frameHeight="273"/>
	<SubTexture name="idle0045" x="859" y="0" width="127" height="239" frameX="-24" frameY="-32" frameWidth="214" frameHeight="273"/>
	<SubTexture name="idle0046" x="859" y="0" width="127" height="239" frameX="-24" frameY="-32" frameWidth="214" frameHeight="273"/>
	<SubTexture name="idle0047" x="859" y="0" width="127" height="239" frameX="-24" frameY="-32" frameWidth="214" frameHeight="273"/>
	<SubTexture name="idle0048" x="859" y="0" width="127" height="239" frameX="-24" frameY="-32" frameWidth="214" frameHeight="273"/>
	<SubTexture name="idle0049" x="859" y="0" width="127" height="239" frameX="-24" frameY="-32" frameWidth="214" frameHeight="273"/>
	<SubTexture name="idle0050" x="859" y="0" width="127" height="239" frameX="-24" frameY="-32" frameWidth="214" frameHeight="273"/>
	<SubTexture name="idle0051" x="859" y="0" width="127" height="239" frameX="-24" frameY="-32" frameWidth="214" frameHeight="273"/>
	<SubTexture name="idle0052" x="0" y="264" width="133" height="235" frameX="-24" frameY="-36" frameWidth="214" frameHeight="273"/>
	<SubTexture name="idle0053" x="133" y="264" width="147" height="220" frameX="-24" frameY="-51" frameWidth="214" frameHeight="273"/>
	<SubTexture name="idle0054" x="133" y="264" width="147" height="220" frameX="-24" frameY="-51" frameWidth="214" frameHeight="273"/>
	<SubTexture name="idle0055" x="133" y="264" width="147" height="220" frameX="-24" frameY="-51" frameWidth="214" frameHeight="273"/>
	<SubTexture name="idle0056" x="133" y="264" width="147" height="220" frameX="-24" frameY="-51" frameWidth="214" frameHeight="273"/>
</TextureAtlas>
