﻿<?xml version="1.0" encoding="utf-8"?>
<TextureAtlas imagePath="blue stickmin.png">
	<!-- Created with Adobe Animate version 24.0.5.40 -->
	<!-- http://www.adobe.com/products/animate.html -->
	<SubTexture name="anim0000" x="0" y="0" width="142" height="264" frameX="0" frameY="0" frameWidth="214" frameHeight="273"/>
	<SubTexture name="anim0001" x="0" y="0" width="142" height="264" frameX="0" frameY="0" frameWidth="214" frameHeight="273"/>
	<SubTexture name="anim0002" x="0" y="0" width="142" height="264" frameX="0" frameY="0" frameWidth="214" frameHeight="273"/>
	<SubTexture name="anim0003" x="0" y="0" width="142" height="264" frameX="0" frameY="0" frameWidth="214" frameHeight="273"/>
	<SubTexture name="anim0004" x="142" y="0" width="119" height="262" frameX="-23" frameY="-2" frameWidth="214" frameHeight="273"/>
	<SubTexture name="anim0005" x="142" y="0" width="119" height="262" frameX="-23" frameY="-2" frameWidth="214" frameHeight="273"/>
	<SubTexture name="anim0006" x="142" y="0" width="119" height="262" frameX="-23" frameY="-2" frameWidth="214" frameHeight="273"/>
	<SubTexture name="anim0007" x="142" y="0" width="119" height="262" frameX="-23" frameY="-2" frameWidth="214" frameHeight="273"/>
	<SubTexture name="anim0008" x="142" y="0" width="119" height="262" frameX="-23" frameY="-2" frameWidth="214" frameHeight="273"/>
	<SubTexture name="anim0009" x="142" y="0" width="119" height="262" frameX="-23" frameY="-2" frameWidth="214" frameHeight="273"/>
	<SubTexture name="anim0010" x="142" y="0" width="119" height="262" frameX="-23" frameY="-2" frameWidth="214" frameHeight="273"/>
	<SubTexture name="anim0011" x="142" y="0" width="119" height="262" frameX="-23" frameY="-2" frameWidth="214" frameHeight="273"/>
	<SubTexture name="anim0012" x="261" y="0" width="118" height="264" frameX="-24" frameY="0" frameWidth="214" frameHeight="273"/>
	<SubTexture name="anim0013" x="379" y="0" width="130" height="233" frameX="-16" frameY="-31" frameWidth="214" frameHeight="273"/>
	<SubTexture name="anim0014" x="379" y="0" width="130" height="233" frameX="-16" frameY="-31" frameWidth="214" frameHeight="273"/>
	<SubTexture name="anim0015" x="509" y="0" width="118" height="233" frameX="-24" frameY="-31" frameWidth="214" frameHeight="273"/>
	<SubTexture name="anim0016" x="509" y="0" width="118" height="233" frameX="-24" frameY="-31" frameWidth="214" frameHeight="273"/>
	<SubTexture name="anim0017" x="509" y="0" width="118" height="233" frameX="-24" frameY="-31" frameWidth="214" frameHeight="273"/>
	<SubTexture name="anim0018" x="509" y="0" width="118" height="233" frameX="-24" frameY="-31" frameWidth="214" frameHeight="273"/>
	<SubTexture name="anim0019" x="627" y="0" width="100" height="241" frameX="-24" frameY="-26" frameWidth="214" frameHeight="273"/>
	<SubTexture name="anim0020" x="627" y="0" width="100" height="241" frameX="-24" frameY="-26" frameWidth="214" frameHeight="273"/>
	<SubTexture name="anim0021" x="727" y="0" width="132" height="239" frameX="-24" frameY="-32" frameWidth="214" frameHeight="273"/>
	<SubTexture name="anim0022" x="727" y="0" width="132" height="239" frameX="-24" frameY="-32" frameWidth="214" frameHeight="273"/>
	<SubTexture name="anim0023" x="859" y="0" width="127" height="239" frameX="-24" frameY="-32" frameWidth="214" frameHeight="273"/>
	<SubTexture name="anim0024" x="859" y="0" width="127" height="239" frameX="-24" frameY="-32" frameWidth="214" frameHeight="273"/>
	<SubTexture name="anim0025" x="859" y="0" width="127" height="239" frameX="-24" frameY="-32" frameWidth="214" frameHeight="273"/>
	<SubTexture name="anim0026" x="859" y="0" width="127" height="239" frameX="-24" frameY="-32" frameWidth="214" frameHeight="273"/>
	<SubTexture name="anim0027" x="859" y="0" width="127" height="239" frameX="-24" frameY="-32" frameWidth="214" frameHeight="273"/>
	<SubTexture name="anim0028" x="859" y="0" width="127" height="239" frameX="-24" frameY="-32" frameWidth="214" frameHeight="273"/>
	<SubTexture name="anim0029" x="859" y="0" width="127" height="239" frameX="-24" frameY="-32" frameWidth="214" frameHeight="273"/>
	<SubTexture name="anim0030" x="859" y="0" width="127" height="239" frameX="-24" frameY="-32" frameWidth="214" frameHeight="273"/>
	<SubTexture name="anim0031" x="859" y="0" width="127" height="239" frameX="-24" frameY="-32" frameWidth="214" frameHeight="273"/>
	<SubTexture name="anim0032" x="859" y="0" width="127" height="239" frameX="-24" frameY="-32" frameWidth="214" frameHeight="273"/>
	<SubTexture name="anim0033" x="859" y="0" width="127" height="239" frameX="-24" frameY="-32" frameWidth="214" frameHeight="273"/>
	<SubTexture name="anim0034" x="859" y="0" width="127" height="239" frameX="-24" frameY="-32" frameWidth="214" frameHeight="273"/>
	<SubTexture name="anim0035" x="859" y="0" width="127" height="239" frameX="-24" frameY="-32" frameWidth="214" frameHeight="273"/>
	<SubTexture name="anim0036" x="859" y="0" width="127" height="239" frameX="-24" frameY="-32" frameWidth="214" frameHeight="273"/>
	<SubTexture name="anim0037" x="859" y="0" width="127" height="239" frameX="-24" frameY="-32" frameWidth="214" frameHeight="273"/>
	<SubTexture name="anim0038" x="859" y="0" width="127" height="239" frameX="-24" frameY="-32" frameWidth="214" frameHeight="273"/>
	<SubTexture name="anim0039" x="859" y="0" width="127" height="239" frameX="-24" frameY="-32" frameWidth="214" frameHeight="273"/>
	<SubTexture name="anim0040" x="859" y="0" width="127" height="239" frameX="-24" frameY="-32" frameWidth="214" frameHeight="273"/>
	<SubTexture name="anim0041" x="859" y="0" width="127" height="239" frameX="-24" frameY="-32" frameWidth="214" frameHeight="273"/>
	<SubTexture name="anim0042" x="859" y="0" width="127" height="239" frameX="-24" frameY="-32" frameWidth="214" frameHeight="273"/>
	<SubTexture name="idle0043" x="859" y="0" width="127" height="239" frameX="-24" frameY="-32" frameWidth="214" frameHeight="273"/>
	<SubTexture name="idle0044" x="859" y="0" width="127" height="239" frameX="-24" frameY="-32" frameWidth="214" frameHeight="273"/>
	<SubTexture name="idle0045" x="859" y="0" width="127" height="239" frameX="-24" frameY="-32" frameWidth="214" frameHeight="273"/>
	<SubTexture name="idle0046" x="859" y="0" width="127" height="239" frameX="-24" frameY="-32" frameWidth="214" frameHeight="273"/>
	<SubTexture name="idle0047" x="859" y="0" width="127" height="239" frameX="-24" frameY="-32" frameWidth="214" frameHeight="273"/>
	<SubTexture name="idle0048" x="859" y="0" width="127" height="239" frameX="-24" frameY="-32" frameWidth="214" frameHeight="273"/>
	<SubTexture name="idle0049" x="859" y="0" width="127" height="239" frameX="-24" frameY="-32" frameWidth="214" frameHeight="273"/>
	<SubTexture name="idle0050" x="859" y="0" width="127" height="239" frameX="-24" frameY="-32" frameWidth="214" frameHeight="273"/>
	<SubTexture name="idle0051" x="859" y="0" width="127" height="239" frameX="-24" frameY="-32" frameWidth="214" frameHeight="273"/>
	<SubTexture name="idle0052" x="0" y="264" width="133" height="235" frameX="-24" frameY="-36" frameWidth="214" frameHeight="273"/>
	<SubTexture name="idle0053" x="133" y="264" width="147" height="220" frameX="-24" frameY="-51" frameWidth="214" frameHeight="273"/>
	<SubTexture name="idle0054" x="133" y="264" width="147" height="220" frameX="-24" frameY="-51" frameWidth="214" frameHeight="273"/>
	<SubTexture name="idle0055" x="133" y="264" width="147" height="220" frameX="-24" frameY="-51" frameWidth="214" frameHeight="273"/>
	<SubTexture name="idle0056" x="133" y="264" width="147" height="220" frameX="-24" frameY="-51" frameWidth="214" frameHeight="273"/>
	<SubTexture name="left0057" x="280" y="264" width="183" height="220" frameX="-24" frameY="-51" frameWidth="214" frameHeight="273"/>
	<SubTexture name="left0058" x="280" y="264" width="183" height="220" frameX="-24" frameY="-51" frameWidth="214" frameHeight="273"/>
	<SubTexture name="left0059" x="280" y="264" width="183" height="220" frameX="-24" frameY="-51" frameWidth="214" frameHeight="273"/>
	<SubTexture name="left0060" x="463" y="264" width="151" height="264" frameX="-24" frameY="-9" frameWidth="214" frameHeight="273"/>
	<SubTexture name="left0061" x="463" y="264" width="151" height="264" frameX="-24" frameY="-9" frameWidth="214" frameHeight="273"/>
	<SubTexture name="left0062" x="614" y="264" width="133" height="266" frameX="-24" frameY="-2" frameWidth="214" frameHeight="273"/>
	<SubTexture name="left0063" x="614" y="264" width="133" height="266" frameX="-24" frameY="-2" frameWidth="214" frameHeight="273"/>
	<SubTexture name="left0064" x="614" y="264" width="133" height="266" frameX="-24" frameY="-2" frameWidth="214" frameHeight="273"/>
	<SubTexture name="down0065" x="747" y="264" width="143" height="190" frameX="-24" frameY="-76" frameWidth="214" frameHeight="273"/>
	<SubTexture name="down0066" x="747" y="264" width="143" height="190" frameX="-24" frameY="-76" frameWidth="214" frameHeight="273"/>
	<SubTexture name="down0067" x="747" y="264" width="143" height="190" frameX="-24" frameY="-76" frameWidth="214" frameHeight="273"/>
	<SubTexture name="down0068" x="0" y="530" width="143" height="177" frameX="-24" frameY="-87" frameWidth="214" frameHeight="273"/>
	<SubTexture name="down0069" x="0" y="530" width="143" height="177" frameX="-24" frameY="-87" frameWidth="214" frameHeight="273"/>
	<SubTexture name="down0070" x="143" y="530" width="143" height="185" frameX="-24" frameY="-79" frameWidth="214" frameHeight="273"/>
	<SubTexture name="up0071" x="286" y="530" width="134" height="238" frameX="-24" frameY="-26" frameWidth="214" frameHeight="273"/>
	<SubTexture name="up0072" x="286" y="530" width="134" height="238" frameX="-24" frameY="-26" frameWidth="214" frameHeight="273"/>
	<SubTexture name="up0073" x="286" y="530" width="134" height="238" frameX="-24" frameY="-26" frameWidth="214" frameHeight="273"/>
	<SubTexture name="up0074" x="420" y="530" width="131" height="242" frameX="-24" frameY="-22" frameWidth="214" frameHeight="273"/>
	<SubTexture name="up0075" x="420" y="530" width="131" height="242" frameX="-24" frameY="-22" frameWidth="214" frameHeight="273"/>
	<SubTexture name="right0076" x="551" y="530" width="157" height="241" frameX="-24" frameY="-23" frameWidth="214" frameHeight="273"/>
	<SubTexture name="right0077" x="551" y="530" width="157" height="241" frameX="-24" frameY="-23" frameWidth="214" frameHeight="273"/>
	<SubTexture name="right0078" x="708" y="530" width="190" height="241" frameX="-24" frameY="-23" frameWidth="214" frameHeight="273"/>
</TextureAtlas>
