{
	"song": {
		"speed": 3,
		"stage": "windowsBG",
		"player1": "bf",
		"player2": "blue",
		"events": [
			[
				0,
				[
					[
						"Play Animation",
						"anim",
						"Dad"
					]
				]
			]
		],
		"notes": [
			{
				"gfSection": false,
				"altAnim": false,
				"typeOfSection": 0,
				"sectionNotes": [],
				"bpm": 150,
				"sectionBeats": 4,
				"changeBPM": false,
				"mustHitSection": true
			},
			{
				"gfSection": false,
				"altAnim": false,
				"typeOfSection": 0,
				"sectionNotes": [
					[
						2100,
						0,
						0
					],
					[
						2500,
						0,
						0
					],
					[
						2900,
						0,
						0
					]
				],
				"bpm": 150,
				"sectionBeats": 4,
				"changeBPM": false,
				"mustHitSection": false
			},
			{
				"gfSection": false,
				"altAnim": false,
				"typeOfSection": 0,
				"sectionNotes": [
					[
						3300,
						1,
						0
					],
					[
						3400,
						2,
						0
					],
					[
						3500,
						3,
						0
					],
					[
						3600,
						2,
						0
					],
					[
						3900,
						0,
						0
					],
					[
						4300,
						0,
						0
					],
					[
						4700,
						0,
						0
					]
				],
				"bpm": 150,
				"sectionBeats": 4,
				"changeBPM": false,
				"mustHitSection": false
			},
			{
				"gfSection": false,
				"altAnim": false,
				"typeOfSection": 0,
				"sectionNotes": [
					[
						5200,
						0,
						0
					],
					[
						5500,
						1,
						0
					],
					[
						5600,
						1,
						0
					],
					[
						5700,
						2,
						0
					]
				],
				"bpm": 150,
				"sectionBeats": 4,
				"changeBPM": false,
				"mustHitSection": false
			},
			{
				"gfSection": false,
				"altAnim": false,
				"typeOfSection": 0,
				"sectionNotes": [
					[
						6400,
						3,
						0
					],
					[
						6800,
						3,
						0
					],
					[
						7200,
						3,
						0
					],
					[
						7600,
						3,
						0
					],
					[
						7900,
						0,
						0
					],
					[
						7800,
						0,
						0
					]
				],
				"bpm": 150,
				"sectionBeats": 4,
				"changeBPM": false,
				"mustHitSection": false
			},
			{
				"gfSection": false,
				"altAnim": false,
				"typeOfSection": 0,
				"sectionNotes": [
					[
						8100,
						1,
						0
					],
					[
						8300,
						2,
						0
					],
					[
						8500,
						3,
						0
					],
					[
						8700,
						2,
						0
					],
					[
						8900,
						1,
						0
					],
					[
						9100,
						0,
						0
					],
					[
						9300,
						1,
						0
					],
					[
						9500,
						2,
						0
					]
				],
				"bpm": 150,
				"sectionBeats": 4,
				"changeBPM": false,
				"mustHitSection": false
			},
			{
				"gfSection": false,
				"altAnim": false,
				"typeOfSection": 0,
				"sectionNotes": [
					[
						10100,
						0,
						0
					],
					[
						10600,
						0,
						0
					],
					[
						11000,
						0,
						0
					]
				],
				"bpm": 150,
				"sectionBeats": 4,
				"changeBPM": false,
				"mustHitSection": true
			},
			{
				"gfSection": false,
				"altAnim": false,
				"typeOfSection": 0,
				"sectionNotes": [
					[
						11400,
						1,
						0
					],
					[
						11500,
						2,
						0
					],
					[
						11600,
						1,
						100
					],
					[
						12100,
						0,
						200
					],
					[
						12500,
						0,
						200
					]
				],
				"bpm": 150,
				"sectionBeats": 4,
				"changeBPM": false,
				"mustHitSection": true
			},
			{
				"gfSection": false,
				"altAnim": false,
				"typeOfSection": 0,
				"sectionNotes": [
					[
						12900,
						0,
						200
					],
					[
						13500,
						1,
						0
					],
					[
						13600,
						2,
						0
					],
					[
						13700,
						3,
						0
					],
					[
						13800,
						0,
						100
					],
					[
						14200,
						0,
						100
					]
				],
				"bpm": 150,
				"sectionBeats": 4,
				"changeBPM": false,
				"mustHitSection": true
			},
			{
				"gfSection": false,
				"altAnim": false,
				"typeOfSection": 0,
				"sectionNotes": [
					[
						14900,
						0,
						100
					],
					[
						15500,
						0,
						100
					],
					[
						15800,
						3,
						0
					],
					[
						15900,
						3,
						0
					]
				],
				"bpm": 150,
				"sectionBeats": 4,
				"changeBPM": false,
				"mustHitSection": true
			},
			{
				"gfSection": false,
				"altAnim": false,
				"typeOfSection": 0,
				"sectionNotes": [
					[
						16000,
						2,
						0
					],
					[
						16200,
						1,
						0
					],
					[
						16400,
						0,
						0
					],
					[
						16600,
						1,
						0
					],
					[
						16800,
						0,
						0
					],
					[
						17000,
						3,
						0
					],
					[
						17200,
						2,
						0
					],
					[
						17400,
						1,
						0
					]
				],
				"bpm": 150,
				"sectionBeats": 4,
				"changeBPM": false,
				"mustHitSection": true
			},
			{
				"gfSection": false,
				"altAnim": false,
				"typeOfSection": 0,
				"sectionNotes": [
					[
						17600,
						4,
						200
					],
					[
						18100,
						0,
						0
					],
					[
						18300,
						1,
						0
					],
					[
						18450,
						2,
						0
					],
					[
						18550,
						3,
						0
					],
					[
						18700,
						0,
						0
					],
					[
						18800,
						1,
						0
					],
					[
						18900,
						2,
						0
					],
					[
						19000,
						3,
						0
					],
					[
						19100,
						0,
						0
					]
				],
				"bpm": 150,
				"sectionBeats": 4,
				"changeBPM": false,
				"mustHitSection": false
			},
			{
				"gfSection": false,
				"altAnim": false,
				"typeOfSection": 0,
				"sectionNotes": [
					[
						19200,
						1,
						0
					],
					[
						19300,
						0,
						0
					],
					[
						19400,
						1,
						0
					],
					[
						19500,
						2,
						0
					],
					[
						19600,
						3,
						0
					],
					[
						19700,
						2,
						0
					],
					[
						19800,
						1,
						0
					],
					[
						19900,
						2,
						0
					],
					[
						20000,
						1,
						0
					],
					[
						20100,
						3,
						0
					],
					[
						20200,
						2,
						0
					],
					[
						20300,
						1,
						0
					],
					[
						20400,
						0,
						0
					],
					[
						20500,
						1,
						0
					],
					[
						20600,
						2,
						0
					],
					[
						20700,
						0,
						0
					]
				],
				"bpm": 150,
				"sectionBeats": 4,
				"changeBPM": false,
				"mustHitSection": false
			},
			{
				"gfSection": false,
				"altAnim": false,
				"typeOfSection": 0,
				"sectionNotes": [
					[
						20800,
						1,
						0
					],
					[
						20900,
						2,
						0
					],
					[
						21000,
						3,
						0
					],
					[
						21100,
						2,
						0
					],
					[
						21200,
						1,
						0
					],
					[
						21300,
						0,
						0
					],
					[
						21400,
						1,
						0
					],
					[
						21500,
						2,
						0
					],
					[
						21600,
						1,
						0
					],
					[
						21700,
						0,
						0
					],
					[
						21800,
						1,
						0
					],
					[
						22000,
						4,
						100
					],
					[
						22200,
						5,
						100
					]
				],
				"bpm": 150,
				"sectionBeats": 4,
				"changeBPM": false,
				"mustHitSection": false
			},
			{
				"gfSection": false,
				"altAnim": false,
				"typeOfSection": 0,
				"sectionNotes": [
					[
						22400,
						0,
						0
					],
					[
						22500,
						1,
						0
					],
					[
						22600,
						2,
						0
					],
					[
						22700,
						3,
						0
					],
					[
						22800,
						2,
						0
					],
					[
						22900,
						1,
						0
					],
					[
						23000,
						2,
						0
					],
					[
						23100,
						3,
						0
					],
					[
						23200,
						2,
						0
					],
					[
						23300,
						1,
						0
					],
					[
						23400,
						0,
						0
					],
					[
						23500,
						1,
						0
					],
					[
						23600,
						2,
						0
					],
					[
						23700,
						1,
						0
					],
					[
						23800,
						2,
						0
					],
					[
						23900,
						3,
						0
					]
				],
				"bpm": 150,
				"sectionBeats": 4,
				"changeBPM": false,
				"mustHitSection": true
			},
			{
				"gfSection": false,
				"altAnim": false,
				"typeOfSection": 0,
				"sectionNotes": [
					[
						24000,
						2,
						0
					],
					[
						24100,
						3,
						0
					],
					[
						24200,
						2,
						0
					],
					[
						24300,
						1,
						0
					],
					[
						24400,
						0,
						0
					],
					[
						24500,
						1,
						0
					],
					[
						24600,
						2,
						0
					],
					[
						24700,
						3,
						0
					],
					[
						24800,
						2,
						0
					],
					[
						24900,
						3,
						0
					],
					[
						25000,
						2,
						0
					],
					[
						25100,
						1,
						0
					],
					[
						25200,
						0,
						0
					],
					[
						25300,
						1,
						0
					],
					[
						25400,
						2,
						0
					],
					[
						25500,
						1,
						0
					]
				],
				"bpm": 150,
				"sectionBeats": 4,
				"changeBPM": false,
				"mustHitSection": true
			},
			{
				"gfSection": false,
				"altAnim": false,
				"typeOfSection": 0,
				"sectionNotes": [
					[
						25600,
						4,
						0
					],
					[
						25700,
						5,
						0
					],
					[
						25800,
						6,
						0
					],
					[
						25900,
						5,
						0
					],
					[
						26000,
						6,
						0
					],
					[
						26100,
						0,
						0
					],
					[
						26200,
						1,
						0
					],
					[
						26300,
						2,
						0
					],
					[
						26400,
						3,
						0
					],
					[
						26500,
						2,
						0
					],
					[
						26600,
						1,
						0
					],
					[
						26700,
						0,
						0
					],
					[
						26800,
						1,
						0
					],
					[
						26900,
						2,
						0
					],
					[
						27000,
						3,
						0
					],
					[
						27100,
						2,
						0
					]
				],
				"bpm": 150,
				"sectionBeats": 4,
				"changeBPM": false,
				"mustHitSection": false
			},
			{
				"gfSection": false,
				"altAnim": false,
				"typeOfSection": 0,
				"sectionNotes": [
					[
						27200,
						1,
						0
					],
					[
						27300,
						0,
						0
					],
					[
						27400,
						1,
						0
					],
					[
						27500,
						2,
						0
					],
					[
						27600,
						3,
						0
					],
					[
						27700,
						2,
						0
					],
					[
						27800,
						1,
						0
					],
					[
						27900,
						0,
						0
					],
					[
						28000,
						1,
						0
					],
					[
						28100,
						2,
						0
					],
					[
						28200,
						3,
						0
					],
					[
						28300,
						2,
						0
					],
					[
						28400,
						1,
						0
					],
					[
						28500,
						0,
						0
					],
					[
						28600,
						1,
						0
					],
					[
						28700,
						2,
						0
					]
				],
				"bpm": 150,
				"sectionBeats": 4,
				"changeBPM": false,
				"mustHitSection": false
			},
			{
				"gfSection": false,
				"altAnim": false,
				"typeOfSection": 0,
				"sectionNotes": [
					[
						28800,
						3,
						0
					],
					[
						28900,
						2,
						0
					],
					[
						29000,
						1,
						0
					],
					[
						29100,
						0,
						0
					],
					[
						29200,
						1,
						0
					],
					[
						29300,
						2,
						0
					],
					[
						29400,
						3,
						0
					],
					[
						29500,
						2,
						0
					],
					[
						29600,
						1,
						0
					],
					[
						29700,
						0,
						0
					],
					[
						29800,
						1,
						0
					],
					[
						29900,
						2,
						0
					],
					[
						30000,
						1,
						0
					],
					[
						30100,
						0,
						0
					],
					[
						30200,
						1,
						0
					],
					[
						30300,
						2,
						0
					]
				],
				"bpm": 150,
				"sectionBeats": 4,
				"changeBPM": false,
				"mustHitSection": false
			},
			{
				"gfSection": false,
				"altAnim": false,
				"typeOfSection": 0,
				"sectionNotes": [
					[
						30400,
						3,
						0
					],
					[
						30500,
						2,
						0
					],
					[
						30600,
						1,
						0
					],
					[
						30700,
						0,
						0
					],
					[
						30800,
						1,
						0
					],
					[
						30900,
						2,
						0
					],
					[
						31000,
						3,
						0
					],
					[
						31100,
						2,
						0
					],
					[
						31200,
						1,
						0
					],
					[
						31300,
						0,
						0
					],
					[
						31400,
						1,
						0
					],
					[
						31500,
						2,
						0
					],
					[
						31600,
						3,
						0
					],
					[
						31700,
						2,
						0
					],
					[
						31800,
						1,
						0
					],
					[
						31900,
						0,
						0
					]
				],
				"bpm": 150,
				"sectionBeats": 4,
				"changeBPM": false,
				"mustHitSection": false
			},
			{
				"gfSection": false,
				"altAnim": false,
				"typeOfSection": 0,
				"sectionNotes": [
					[
						32000,
						5,
						0
					],
					[
						32100,
						6,
						0
					],
					[
						32200,
						7,
						0
					],
					[
						32300,
						6,
						0
					],
					[
						32500,
						0,
						0
					],
					[
						32600,
						1,
						0
					],
					[
						32700,
						2,
						0
					],
					[
						32800,
						0,
						0
					],
					[
						32900,
						0,
						0
					],
					[
						33000,
						1,
						0
					],
					[
						33100,
						2,
						0
					],
					[
						33200,
						0,
						0
					],
					[
						33300,
						0,
						0
					],
					[
						33400,
						1,
						0
					],
					[
						33500,
						2,
						0
					]
				],
				"bpm": 150,
				"sectionBeats": 4,
				"changeBPM": false,
				"mustHitSection": true
			},
			{
				"gfSection": false,
				"altAnim": false,
				"typeOfSection": 0,
				"sectionNotes": [
					[
						33600,
						3,
						0
					],
					[
						33700,
						3,
						0
					],
					[
						33800,
						2,
						0
					],
					[
						33900,
						1,
						0
					],
					[
						34000,
						3,
						0
					],
					[
						34100,
						3,
						0
					],
					[
						34200,
						2,
						0
					],
					[
						34300,
						1,
						0
					],
					[
						34400,
						3,
						0
					],
					[
						34500,
						3,
						0
					],
					[
						34600,
						2,
						0
					],
					[
						34700,
						1,
						0
					],
					[
						34800,
						3,
						0
					],
					[
						34900,
						3,
						0
					],
					[
						35000,
						2,
						0
					],
					[
						35100,
						1,
						0
					]
				],
				"bpm": 150,
				"sectionBeats": 4,
				"changeBPM": false,
				"mustHitSection": true
			},
			{
				"gfSection": false,
				"altAnim": false,
				"typeOfSection": 0,
				"sectionNotes": [
					[
						35200,
						1,
						0
					],
					[
						35300,
						2,
						0
					],
					[
						35400,
						1,
						0
					],
					[
						35500,
						1,
						0
					],
					[
						35600,
						2,
						0
					],
					[
						35700,
						1,
						0
					],
					[
						35800,
						1,
						0
					],
					[
						35900,
						2,
						0
					],
					[
						36000,
						1,
						0
					],
					[
						36100,
						1,
						0
					],
					[
						36200,
						2,
						0
					],
					[
						36300,
						1,
						0
					],
					[
						36400,
						1,
						0
					],
					[
						36500,
						2,
						0
					],
					[
						36600,
						1,
						0
					],
					[
						36700,
						1,
						0
					]
				],
				"bpm": 150,
				"sectionBeats": 4,
				"changeBPM": false,
				"mustHitSection": true
			},
			{
				"gfSection": false,
				"altAnim": false,
				"typeOfSection": 0,
				"sectionNotes": [
					[
						36800,
						0,
						0
					],
					[
						36900,
						0,
						0
					],
					[
						37000,
						1,
						0
					],
					[
						37100,
						0,
						0
					],
					[
						37200,
						0,
						0
					],
					[
						37300,
						1,
						0
					],
					[
						37400,
						0,
						0
					],
					[
						37500,
						0,
						0
					],
					[
						37600,
						1,
						0
					],
					[
						37700,
						0,
						0
					],
					[
						37800,
						0,
						0
					],
					[
						37900,
						1,
						0
					],
					[
						38000,
						0,
						0
					],
					[
						38100,
						0,
						0
					],
					[
						38200,
						1,
						0
					],
					[
						38300,
						0,
						0
					]
				],
				"bpm": 150,
				"sectionBeats": 4,
				"changeBPM": false,
				"mustHitSection": true
			},
			{
				"gfSection": false,
				"altAnim": false,
				"typeOfSection": 0,
				"sectionNotes": [
					[
						38400,
						4,
						0
					],
					[
						38500,
						5,
						0
					],
					[
						38800,
						0,
						0
					],
					[
						38900,
						0,
						0
					],
					[
						39000,
						1,
						0
					],
					[
						39100,
						2,
						0
					],
					[
						39200,
						0,
						0
					],
					[
						39300,
						1,
						0
					],
					[
						39400,
						2,
						0
					],
					[
						39500,
						3,
						0
					],
					[
						39600,
						2,
						0
					],
					[
						39700,
						1,
						0
					],
					[
						39800,
						0,
						0
					],
					[
						39900,
						1,
						0
					]
				],
				"bpm": 150,
				"sectionBeats": 4,
				"changeBPM": false,
				"mustHitSection": false
			},
			{
				"gfSection": false,
				"altAnim": false,
				"typeOfSection": 0,
				"sectionNotes": [
					[
						40000,
						2,
						0
					],
					[
						40200,
						1,
						0
					],
					[
						40500,
						1,
						0
					],
					[
						40700,
						1,
						0
					],
					[
						40900,
						1,
						0
					],
					[
						41200,
						4,
						0
					],
					[
						41400,
						5,
						0
					]
				],
				"bpm": 150,
				"sectionBeats": 4,
				"changeBPM": false,
				"mustHitSection": false
			},
			{
				"gfSection": false,
				"altAnim": false,
				"typeOfSection": 0,
				"sectionNotes": [
					[
						41600,
						2,
						0
					],
					[
						41800,
						3,
						0
					],
					[
						42000,
						2,
						0
					],
					[
						42035,
						3,
						0
					],
					[
						42200,
						1,
						200
					],
					[
						42600,
						1,
						0
					],
					[
						42800,
						1,
						0
					]
				],
				"bpm": 150,
				"sectionBeats": 4,
				"changeBPM": false,
				"mustHitSection": true
			},
			{
				"gfSection": false,
				"altAnim": false,
				"typeOfSection": 0,
				"sectionNotes": [
					[
						43200,
						4,
						0
					],
					[
						43300,
						5,
						0
					],
					[
						43800,
						0,
						0
					],
					[
						44000,
						1,
						0
					],
					[
						44200,
						2,
						0
					],
					[
						44400,
						3,
						0
					],
					[
						44600,
						2,
						0
					]
				],
				"bpm": 150,
				"sectionBeats": 4,
				"changeBPM": false,
				"mustHitSection": false
			},
			{
				"gfSection": false,
				"altAnim": false,
				"typeOfSection": 0,
				"sectionNotes": [
					[
						44800,
						5,
						0
					],
					[
						45000,
						6,
						0
					],
					[
						45200,
						0,
						0
					],
					[
						45400,
						1,
						0
					],
					[
						45600,
						2,
						0
					],
					[
						45800,
						0,
						0
					],
					[
						46000,
						1,
						0
					],
					[
						46200,
						2,
						0
					]
				],
				"bpm": 150,
				"sectionBeats": 4,
				"changeBPM": false,
				"mustHitSection": true
			},
			{
				"gfSection": false,
				"altAnim": false,
				"typeOfSection": 0,
				"sectionNotes": [
					[
						46400,
						3,
						0
					],
					[
						46600,
						2,
						0
					],
					[
						46800,
						1,
						0
					],
					[
						47000,
						0,
						0
					],
					[
						47400,
						4,
						0
					],
					[
						47600,
						5,
						0
					],
					[
						47800,
						6,
						0
					]
				],
				"bpm": 150,
				"sectionBeats": 4,
				"changeBPM": false,
				"mustHitSection": true
			},
			{
				"gfSection": false,
				"altAnim": false,
				"typeOfSection": 0,
				"sectionNotes": [
					[
						48100,
						7,
						0
					],
					[
						48400,
						7,
						0
					],
					[
						48600,
						7,
						0
					],
					[
						49000,
						0,
						0
					],
					[
						49200,
						1,
						0
					],
					[
						49400,
						2,
						200
					],
					[
						49400,
						0,
						0
					]
				],
				"bpm": 150,
				"sectionBeats": 4,
				"changeBPM": false,
				"mustHitSection": true
			},
			{
				"gfSection": false,
				"altAnim": false,
				"typeOfSection": 0,
				"sectionNotes": [
					[
						49700,
						3,
						0
					],
					[
						50100,
						3,
						0
					],
					[
						50300,
						3,
						0
					],
					[
						50500,
						4,
						0
					],
					[
						50700,
						5,
						0
					],
					[
						50900,
						6,
						0
					],
					[
						51100,
						4,
						0
					]
				],
				"bpm": 150,
				"sectionBeats": 4,
				"changeBPM": false,
				"mustHitSection": true
			},
			{
				"gfSection": false,
				"altAnim": false,
				"typeOfSection": 0,
				"sectionNotes": [
					[
						51400,
						1,
						0
					],
					[
						51800,
						2,
						0
					],
					[
						52000,
						2,
						0
					],
					[
						52200,
						4,
						0
					],
					[
						52400,
						5,
						0
					],
					[
						52600,
						6,
						0
					]
				],
				"bpm": 150,
				"sectionBeats": 4,
				"changeBPM": false,
				"mustHitSection": false
			},
			{
				"gfSection": false,
				"altAnim": false,
				"typeOfSection": 0,
				"sectionNotes": [
					[
						52900,
						2,
						0
					],
					[
						53100,
						3,
						0
					],
					[
						53700,
						2,
						0
					],
					[
						53900,
						2,
						0
					],
					[
						53500,
						1,
						0
					],
					[
						54100,
						4,
						0
					],
					[
						54300,
						5,
						0
					]
				],
				"bpm": 150,
				"sectionBeats": 4,
				"changeBPM": false,
				"mustHitSection": true
			},
			{
				"gfSection": false,
				"altAnim": false,
				"typeOfSection": 0,
				"sectionNotes": [
					[
						54400,
						2,
						0
					],
					[
						54600,
						2,
						0
					],
					[
						54800,
						2,
						0
					],
					[
						55000,
						2,
						0
					],
					[
						55200,
						3,
						0
					],
					[
						55700,
						0,
						0
					],
					[
						55900,
						1,
						0
					]
				],
				"bpm": 150,
				"sectionBeats": 4,
				"changeBPM": false,
				"mustHitSection": false
			},
			{
				"gfSection": false,
				"altAnim": false,
				"typeOfSection": 0,
				"sectionNotes": [
					[
						56100,
						2,
						0
					],
					[
						56300,
						3,
						0
					],
					[
						56500,
						3,
						0
					],
					[
						56700,
						3,
						0
					],
					[
						56900,
						2,
						0
					]
				],
				"bpm": 150,
				"sectionBeats": 4,
				"changeBPM": false,
				"mustHitSection": false
			},
			{
				"gfSection": false,
				"altAnim": false,
				"typeOfSection": 0,
				"sectionNotes": [
					[
						57600,
						0,
						0
					],
					[
						57700,
						1,
						0
					],
					[
						57800,
						2,
						0
					],
					[
						58000,
						2,
						0
					],
					[
						58200,
						2,
						0
					],
					[
						58500,
						3,
						200
					],
					[
						59000,
						0,
						0
					],
					[
						59100,
						1,
						0
					]
				],
				"bpm": 150,
				"sectionBeats": 4,
				"changeBPM": false,
				"mustHitSection": true
			},
			{
				"gfSection": false,
				"altAnim": false,
				"typeOfSection": 0,
				"sectionNotes": [
					[
						59200,
						2,
						0
					],
					[
						59400,
						2,
						0
					],
					[
						59600,
						2,
						0
					],
					[
						59800,
						2,
						0
					],
					[
						60000,
						1,
						600
					]
				],
				"bpm": 150,
				"sectionBeats": 4,
				"changeBPM": false,
				"mustHitSection": true
			},
			{
				"gfSection": false,
				"altAnim": false,
				"typeOfSection": 0,
				"sectionNotes": [
					[
						60800,
						0,
						0
					],
					[
						60900,
						1,
						0
					],
					[
						61000,
						2,
						0
					],
					[
						61100,
						3,
						0
					],
					[
						61200,
						2,
						0
					],
					[
						61300,
						3,
						0
					],
					[
						61400,
						2,
						0
					],
					[
						61500,
						1,
						0
					],
					[
						61600,
						0,
						0
					],
					[
						61700,
						1,
						0
					],
					[
						61800,
						2,
						0
					],
					[
						61900,
						3,
						0
					],
					[
						62000,
						2,
						0
					],
					[
						62100,
						3,
						0
					],
					[
						62200,
						1,
						0
					],
					[
						62300,
						0,
						0
					]
				],
				"bpm": 150,
				"sectionBeats": 4,
				"changeBPM": false,
				"mustHitSection": false
			},
			{
				"gfSection": false,
				"altAnim": false,
				"typeOfSection": 0,
				"sectionNotes": [
					[
						62400,
						2,
						0
					],
					[
						62500,
						1,
						0
					],
					[
						62600,
						2,
						0
					],
					[
						62700,
						3,
						0
					],
					[
						62800,
						2,
						0
					],
					[
						62900,
						1,
						0
					],
					[
						63000,
						0,
						0
					],
					[
						63100,
						1,
						0
					],
					[
						63200,
						2,
						0
					],
					[
						63300,
						3,
						0
					],
					[
						63400,
						2,
						0
					],
					[
						63500,
						1,
						0
					],
					[
						63600,
						0,
						0
					],
					[
						63700,
						1,
						0
					],
					[
						63800,
						2,
						0
					],
					[
						63900,
						3,
						0
					]
				],
				"bpm": 150,
				"sectionBeats": 4,
				"changeBPM": false,
				"mustHitSection": false
			},
			{
				"gfSection": false,
				"altAnim": false,
				"typeOfSection": 0,
				"sectionNotes": [
					[
						64000,
						2,
						0
					],
					[
						64100,
						1,
						0
					],
					[
						64200,
						0,
						0
					],
					[
						64300,
						1,
						0
					],
					[
						64400,
						2,
						0
					],
					[
						64500,
						0,
						0
					],
					[
						64600,
						1,
						0
					],
					[
						64700,
						2,
						0
					],
					[
						64800,
						3,
						0
					],
					[
						64900,
						2,
						0
					],
					[
						65000,
						1,
						0
					],
					[
						65100,
						0,
						0
					],
					[
						65200,
						1,
						0
					],
					[
						65300,
						4,
						0
					],
					[
						65400,
						5,
						0
					],
					[
						65500,
						6,
						0
					]
				],
				"bpm": 150,
				"sectionBeats": 4,
				"changeBPM": false,
				"mustHitSection": false
			},
			{
				"gfSection": false,
				"altAnim": false,
				"typeOfSection": 0,
				"sectionNotes": [
					[
						65600,
						2,
						0
					],
					[
						65700,
						3,
						0
					],
					[
						65800,
						2,
						0
					],
					[
						65900,
						1,
						0
					],
					[
						66000,
						0,
						0
					],
					[
						66100,
						1,
						0
					],
					[
						66200,
						2,
						0
					],
					[
						66300,
						3,
						0
					],
					[
						66400,
						2,
						0
					],
					[
						66500,
						3,
						0
					],
					[
						66600,
						2,
						0
					],
					[
						66700,
						1,
						0
					],
					[
						66800,
						0,
						0
					],
					[
						66900,
						1,
						0
					],
					[
						67000,
						2,
						0
					],
					[
						67100,
						3,
						0
					]
				],
				"bpm": 150,
				"sectionBeats": 4,
				"changeBPM": false,
				"mustHitSection": true
			},
			{
				"gfSection": false,
				"altAnim": false,
				"typeOfSection": 0,
				"sectionNotes": [
					[
						67200,
						2,
						0
					],
					[
						67300,
						1,
						0
					],
					[
						67400,
						0,
						0
					],
					[
						67500,
						1,
						0
					],
					[
						67600,
						2,
						0
					],
					[
						67700,
						0,
						0
					],
					[
						67800,
						1,
						0
					],
					[
						67900,
						2,
						0
					],
					[
						68000,
						1,
						0
					],
					[
						68100,
						0,
						0
					],
					[
						68200,
						1,
						0
					],
					[
						68300,
						2,
						0
					],
					[
						68400,
						2,
						0
					],
					[
						68500,
						1,
						0
					],
					[
						68600,
						0,
						0
					],
					[
						68700,
						1,
						0
					]
				],
				"bpm": 150,
				"sectionBeats": 4,
				"changeBPM": false,
				"mustHitSection": true
			},
			{
				"gfSection": false,
				"altAnim": false,
				"typeOfSection": 0,
				"sectionNotes": [
					[
						68800,
						2,
						0
					],
					[
						68900,
						3,
						0
					],
					[
						69000,
						2,
						0
					],
					[
						69100,
						1,
						0
					],
					[
						69200,
						0,
						0
					],
					[
						69300,
						1,
						0
					],
					[
						69400,
						2,
						0
					],
					[
						69500,
						3,
						0
					]
				],
				"bpm": 150,
				"sectionBeats": 4,
				"changeBPM": false,
				"mustHitSection": true
			},
			{
				"gfSection": false,
				"altAnim": false,
				"typeOfSection": 0,
				"sectionNotes": [
					[
						70400,
						0,
						0
					],
					[
						70500,
						1,
						0
					],
					[
						70600,
						2,
						0
					],
					[
						70700,
						2,
						0
					],
					[
						70800,
						1,
						0
					],
					[
						70900,
						1,
						0
					],
					[
						71000,
						0,
						0
					],
					[
						71100,
						1,
						0
					],
					[
						71200,
						2,
						0
					],
					[
						71300,
						3,
						0
					],
					[
						71400,
						2,
						0
					],
					[
						71500,
						1,
						0
					],
					[
						71600,
						0,
						0
					],
					[
						71700,
						0,
						0
					],
					[
						71800,
						1,
						0
					]
				],
				"bpm": 150,
				"sectionBeats": 4,
				"changeBPM": false,
				"mustHitSection": false
			},
			{
				"gfSection": false,
				"altAnim": false,
				"typeOfSection": 0,
				"sectionNotes": [
					[
						72000,
						0,
						0
					],
					[
						72100,
						1,
						0
					],
					[
						72200,
						2,
						0
					],
					[
						72300,
						2,
						0
					],
					[
						72400,
						1,
						0
					],
					[
						72500,
						1,
						0
					],
					[
						72600,
						0,
						0
					],
					[
						72700,
						1,
						0
					],
					[
						72800,
						2,
						0
					],
					[
						72900,
						3,
						0
					],
					[
						73000,
						2,
						0
					],
					[
						73100,
						1,
						0
					],
					[
						73200,
						0,
						0
					],
					[
						73300,
						0,
						0
					],
					[
						73400,
						1,
						0
					]
				],
				"bpm": 150,
				"sectionBeats": 4,
				"changeBPM": false,
				"mustHitSection": true
			},
			{
				"gfSection": false,
				"altAnim": false,
				"typeOfSection": 0,
				"sectionNotes": [
					[
						73600,
						0,
						0
					],
					[
						73800,
						1,
						0
					],
					[
						74300,
						2,
						0
					],
					[
						74600,
						3,
						0
					],
					[
						74800,
						2,
						0
					],
					[
						75000,
						1,
						0
					]
				],
				"bpm": 150,
				"sectionBeats": 4,
				"changeBPM": false,
				"mustHitSection": false
			},
			{
				"gfSection": false,
				"altAnim": false,
				"typeOfSection": 0,
				"sectionNotes": [
					[
						75200,
						0,
						0
					],
					[
						75400,
						1,
						0
					],
					[
						75600,
						2,
						0
					],
					[
						75800,
						1,
						0
					],
					[
						76000,
						1,
						0
					],
					[
						76200,
						2,
						0
					],
					[
						76400,
						1,
						0
					],
					[
						76600,
						0,
						0
					]
				],
				"bpm": 150,
				"sectionBeats": 4,
				"changeBPM": false,
				"mustHitSection": false
			},
			{
				"gfSection": false,
				"altAnim": false,
				"typeOfSection": 0,
				"sectionNotes": [
					[
						76800,
						5,
						0
					],
					[
						77000,
						6,
						0
					],
					[
						77200,
						0,
						0
					],
					[
						77400,
						1,
						0
					],
					[
						77600,
						2,
						0
					],
					[
						77800,
						3,
						0
					],
					[
						78000,
						2,
						0
					],
					[
						78200,
						1,
						0
					]
				],
				"bpm": 150,
				"sectionBeats": 4,
				"changeBPM": false,
				"mustHitSection": true
			},
			{
				"gfSection": false,
				"altAnim": false,
				"typeOfSection": 0,
				"sectionNotes": [
					[
						78400,
						0,
						0
					],
					[
						78600,
						1,
						0
					],
					[
						78800,
						2,
						0
					],
					[
						79000,
						3,
						0
					],
					[
						79200,
						2,
						0
					],
					[
						79400,
						1,
						0
					],
					[
						79600,
						2,
						0
					],
					[
						79800,
						3,
						0
					]
				],
				"bpm": 150,
				"sectionBeats": 4,
				"changeBPM": false,
				"mustHitSection": true
			},
			{
				"gfSection": false,
				"altAnim": false,
				"typeOfSection": 0,
				"sectionNotes": [
					[
						80000,
						2,
						0
					],
					[
						80200,
						1,
						0
					],
					[
						80400,
						0,
						0
					],
					[
						80600,
						1,
						0
					],
					[
						80900,
						4,
						0
					],
					[
						81100,
						4,
						0
					],
					[
						81300,
						5,
						0
					],
					[
						81500,
						6,
						0
					]
				],
				"bpm": 150,
				"sectionBeats": 4,
				"changeBPM": false,
				"mustHitSection": true
			},
			{
				"gfSection": false,
				"altAnim": false,
				"typeOfSection": 0,
				"sectionNotes": [
					[
						81600,
						2,
						0
					],
					[
						81800,
						3,
						0
					],
					[
						82000,
						2,
						0
					],
					[
						82200,
						1,
						0
					],
					[
						82400,
						0,
						0
					],
					[
						82600,
						1,
						0
					],
					[
						82800,
						2,
						0
					],
					[
						83000,
						1,
						0
					]
				],
				"bpm": 150,
				"sectionBeats": 4,
				"changeBPM": false,
				"mustHitSection": false
			},
			{
				"gfSection": false,
				"altAnim": false,
				"typeOfSection": 0,
				"sectionNotes": [
					[
						83200,
						2,
						0
					],
					[
						83400,
						1,
						0
					],
					[
						83600,
						0,
						0
					],
					[
						83800,
						2,
						0
					],
					[
						84100,
						4,
						0
					],
					[
						84300,
						4,
						0
					],
					[
						84500,
						5,
						0
					],
					[
						84700,
						6,
						0
					]
				],
				"bpm": 150,
				"sectionBeats": 4,
				"changeBPM": false,
				"mustHitSection": false
			},
			{
				"gfSection": false,
				"altAnim": false,
				"typeOfSection": 0,
				"sectionNotes": [
					[
						84900,
						3,
						0
					],
					[
						85100,
						1,
						0
					],
					[
						85300,
						0,
						0
					],
					[
						85500,
						2,
						0
					],
					[
						85700,
						1,
						0
					],
					[
						85900,
						2,
						0
					],
					[
						86100,
						0,
						0
					],
					[
						86300,
						1,
						0
					]
				],
				"bpm": 150,
				"sectionBeats": 4,
				"changeBPM": false,
				"mustHitSection": true
			},
			{
				"gfSection": false,
				"altAnim": false,
				"typeOfSection": 0,
				"sectionNotes": [
					[
						86500,
						2,
						0
					],
					[
						86700,
						3,
						0
					],
					[
						86900,
						2,
						0
					],
					[
						87100,
						2,
						0
					],
					[
						87300,
						2,
						0
					],
					[
						87500,
						4,
						0
					],
					[
						87700,
						5,
						0
					]
				],
				"bpm": 150,
				"sectionBeats": 4,
				"changeBPM": false,
				"mustHitSection": true
			},
			{
				"gfSection": false,
				"altAnim": false,
				"typeOfSection": 0,
				"sectionNotes": [
					[
						88100,
						2,
						0
					],
					[
						88300,
						2,
						0
					],
					[
						88500,
						3,
						0
					],
					[
						88700,
						2,
						0
					],
					[
						88900,
						1,
						0
					],
					[
						89100,
						4,
						0
					],
					[
						89300,
						5,
						0
					],
					[
						89500,
						6,
						0
					]
				],
				"bpm": 150,
				"sectionBeats": 4,
				"changeBPM": false,
				"mustHitSection": false
			},
			{
				"gfSection": false,
				"altAnim": false,
				"typeOfSection": 0,
				"sectionNotes": [
					[
						89700,
						2,
						0
					],
					[
						89900,
						2,
						0
					],
					[
						90200,
						1,
						0
					],
					[
						90400,
						2,
						0
					]
				],
				"bpm": 150,
				"sectionBeats": 4,
				"changeBPM": false,
				"mustHitSection": true
			},
			{
				"gfSection": false,
				"altAnim": false,
				"typeOfSection": 0,
				"sectionNotes": [
					[
						91200,
						0,
						0
					],
					[
						91300,
						1,
						0
					],
					[
						91400,
						2,
						0
					],
					[
						91500,
						3,
						0
					],
					[
						91600,
						2,
						0
					],
					[
						91700,
						1,
						0
					],
					[
						91800,
						0,
						0
					],
					[
						91900,
						1,
						0
					],
					[
						92000,
						2,
						0
					],
					[
						92200,
						4,
						0
					],
					[
						92300,
						5,
						0
					],
					[
						92400,
						6,
						0
					]
				],
				"bpm": 150,
				"sectionBeats": 4,
				"changeBPM": false,
				"mustHitSection": false
			},
			{
				"gfSection": false,
				"altAnim": false,
				"typeOfSection": 0,
				"sectionNotes": [
					[
						92800,
						0,
						0
					],
					[
						92900,
						1,
						0
					],
					[
						93000,
						2,
						0
					],
					[
						93700,
						0,
						0
					],
					[
						93800,
						1,
						0
					],
					[
						93900,
						2,
						0
					]
				],
				"bpm": 150,
				"sectionBeats": 4,
				"changeBPM": false,
				"mustHitSection": true
			},
			{
				"gfSection": false,
				"altAnim": false,
				"typeOfSection": 0,
				"sectionNotes": [
					[
						94400,
						4,
						0
					],
					[
						94500,
						5,
						0
					],
					[
						94600,
						6,
						0
					],
					[
						95200,
						0,
						0
					],
					[
						95400,
						1,
						0
					],
					[
						95600,
						2,
						0
					],
					[
						95800,
						3,
						0
					]
				],
				"bpm": 150,
				"sectionBeats": 4,
				"changeBPM": false,
				"mustHitSection": false
			},
			{
				"gfSection": false,
				"altAnim": false,
				"typeOfSection": 0,
				"sectionNotes": [
					[
						96000,
						2,
						0
					],
					[
						96200,
						1,
						0
					],
					[
						96400,
						0,
						0
					],
					[
						97200,
						4,
						0
					],
					[
						97400,
						5,
						0
					],
					[
						97500,
						5,
						0
					]
				],
				"bpm": 150,
				"sectionBeats": 4,
				"changeBPM": false,
				"mustHitSection": false
			},
			{
				"gfSection": false,
				"altAnim": false,
				"typeOfSection": 0,
				"sectionNotes": [
					[
						97600,
						2,
						0
					],
					[
						97700,
						3,
						0
					],
					[
						97800,
						2,
						0
					],
					[
						97900,
						1,
						0
					],
					[
						98000,
						0,
						0
					],
					[
						98100,
						1,
						0
					],
					[
						98200,
						2,
						0
					],
					[
						98300,
						3,
						0
					],
					[
						98400,
						2,
						0
					],
					[
						98500,
						3,
						0
					],
					[
						98600,
						1,
						300
					]
				],
				"bpm": 150,
				"sectionBeats": 4,
				"changeBPM": false,
				"mustHitSection": true
			},
			{
				"gfSection": false,
				"altAnim": false,
				"typeOfSection": 0,
				"sectionNotes": [
					[
						99200,
						0,
						0
					],
					[
						99500,
						1,
						0
					],
					[
						99800,
						2,
						0
					],
					[
						100100,
						3,
						0
					],
					[
						100400,
						0,
						0
					],
					[
						100700,
						1,
						0
					]
				],
				"bpm": 150,
				"sectionBeats": 4,
				"changeBPM": false,
				"mustHitSection": false
			},
			{
				"gfSection": false,
				"altAnim": false,
				"typeOfSection": 0,
				"sectionNotes": [
					[
						101000,
						2,
						0
					],
					[
						101300,
						3,
						0
					],
					[
						101600,
						0,
						0
					]
				],
				"bpm": 150,
				"sectionBeats": 4,
				"changeBPM": false,
				"mustHitSection": false
			},
			{
				"gfSection": false,
				"altAnim": false,
				"typeOfSection": 0,
				"sectionNotes": [
					[
						102400,
						0,
						200
					],
					[
						102700,
						1,
						200
					],
					[
						103000,
						2,
						200
					],
					[
						103300,
						3,
						200
					],
					[
						103600,
						0,
						200
					],
					[
						103900,
						1,
						200
					]
				],
				"bpm": 150,
				"sectionBeats": 4,
				"changeBPM": false,
				"mustHitSection": true
			},
			{
				"gfSection": false,
				"altAnim": false,
				"typeOfSection": 0,
				"sectionNotes": [
					[
						104200,
						2,
						200
					],
					[
						104500,
						3,
						200
					]
				],
				"bpm": 150,
				"sectionBeats": 4,
				"changeBPM": false,
				"mustHitSection": true
			},
			{
				"gfSection": false,
				"altAnim": false,
				"typeOfSection": 0,
				"sectionNotes": [],
				"bpm": 150,
				"sectionBeats": 4,
				"changeBPM": false,
				"mustHitSection": true
			},
			{
				"gfSection": false,
				"altAnim": false,
				"typeOfSection": 0,
				"sectionNotes": [],
				"bpm": 150,
				"sectionBeats": 4,
				"changeBPM": false,
				"mustHitSection": true
			},
			{
				"gfSection": false,
				"altAnim": false,
				"typeOfSection": 0,
				"sectionNotes": [],
				"bpm": 150,
				"sectionBeats": 4,
				"changeBPM": false,
				"mustHitSection": true
			}
		],
		"splashSkin": "noteSplashes",
		"validScore": false,
		"gfVersion": "gf",
		"bpm": 150,
		"arrowSkin": "",
		"needsVoices": true,
		"song": "fantasy"
	}
}