{
	"animations": [
		{
			"loop": true,
			"offsets": [
				0,
				0
			],
			"anim": "idle",
			"fps": 30,
			"name": "idle",
			"indices": []
		},
		{
			"loop": true,
			"offsets": [
				0,
				0
			],
			"anim": "singLEFT",
			"fps": 30,
			"name": "left",
			"indices": []
		},
		{
			"loop": true,
			"offsets": [
				0,
				0
			],
			"anim": "singDOWN",
			"fps": 30,
			"name": "down",
			"indices": []
		},
		{
			"loop": true,
			"offsets": [
				0,
				0
			],
			"anim": "singUP",
			"fps": 30,
			"name": "up",
			"indices": []
		},
		{
			"loop": false,
			"offsets": [
				0,
				0
			],
			"anim": "anim",
			"fps": 30,
			"name": "anim",
			"indices": []
		},
		{
			"loop": false,
			"offsets": [
				0,
				0
			],
			"anim": "singRIGHT",
			"fps": 24,
			"name": "right",
			"indices": []
		}
	],
	"no_antialiasing": false,
	"image": "characters/BlueStickmin_assets",
	"position": [
		0,
		270
	],
	"healthicon": "blue",
	"flip_x": false,
	"healthbar_colors": [
		0,
		160,
		255
	],
	"camera_position": [
		-150,
		70
	],
	"sing_duration": 4,
	"scale": 1.8
}